[{"fields": {"parent_tag_id": 1, "desc": "\u7559\u5b66\u7684\u771f\u76f8\u9884\u544a\u7247", "pic_url": "E:/pythonCode/lxdzx_server/static/files/recv/lx.png", "bak_data": "", "title": "\u9884\u544a\u7247"}, "model": "video_manager.tag", "pk": 1}, {"fields": {"parent_tag_id": 1, "desc": "\u65b0\u7248\u8282\u76ee", "pic_url": "E:/pythonCode/lxdzx_server/static/files/recv/xqbqj.png", "bak_data": "", "title": "\u5e08\u5937\u8bb0"}, "model": "video_manager.tag", "pk": 2}, {"fields": {"parent_tag_id": 2, "desc": "vip1\u53ef\u4ee5\u89c2\u770b", "pic_url": "E:/pythonCode/lxdzx_server/static/files/recv/yugao.jpg", "bak_data": "", "title": "\u4f1a\u5458\u89c6\u98911"}, "model": "video_manager.tag", "pk": 3}, {"fields": {"parent_tag_id": 3, "desc": "sonson", "pic_url": "E:/pythonCode/lxdzx_server/static/files/recv/lkq_8vpcxiG.jpg", "bak_data": "", "title": "son"}, "model": "video_manager.tag", "pk": 4}, {"fields": {"upload_time": "2017-11-18T09:15:06", "cost_time": 0, "video_url": "http://1255490847.vod2.myqcloud.com/c8532aacvodgzp1255490847/954d2fb24564972818448744323/R8EDOyvKfm8A.mp4", "title": "\u7559\u5b66\u771f\u76f8\u9884\u544a", "tags": [1], "play_count": 11, "avg_point": 0.0, "bak_data": "", "recommend": 0, "keywords": "", "pic_url": "E:/pythonCode/lxdzx_server/static/files/recv/icon.jpg", "desc": "\u9884\u544a\u7247aaaaaaaaaaaa\u55ef\u55ef\u55ef\u55ef\u55ef\u55ef\u55ef\u55ef\u55ef\u53cd\u53cd\u590d\u590d\u4ed8\u4ed8\u4ed8\u4ed8\u4ed8\u4ed8\u4ed8\u4ed8\u4ed8\u4ed8\u4ed8\u4ed8\u4ed8\u4ed8\u4ed8\u4ed8\u4ed8\u4ed8\u4ed8\u4ed8\u4ed8"}, "model": "video_manager.video", "pk": 1}, {"fields": {"upload_time": "2017-11-18T09:17:32", "cost_time": 0, "video_url": "http://1255490847.vod2.myqcloud.com/7c7acd54vodtransgzp1255490847/34b90a1c4564972818457764745/v.f20.mp4", "title": "\u7559\u5b66\u70ed", "tags": [1, 2], "play_count": 2, "avg_point": 0.0, "bak_data": "", "recommend": 2, "keywords": "", "pic_url": "E:/pythonCode/lxdzx_server/static/files/recv/logo.png", "desc": "\u7559\u5b66\u70ed\u9884\u544a"}, "model": "video_manager.video", "pk": 2}, {"fields": {"upload_time": "2017-11-18T09:24:39", "cost_time": 0, "video_url": "http://1255490847.vod2.myqcloud.com/7c7acd54vodtransgzp1255490847/97ea477b4564972818448883922/v.f20.mp4", "title": "\u5927\u5e08\u7231\u60c5", "tags": [2], "play_count": 27, "avg_point": 0.0, "bak_data": "", "recommend": 1, "keywords": "", "pic_url": "E:/pythonCode/lxdzx_server/static/files/recv/logo_S647hvr.png", "desc": "\u5927\u5e08\u7684\u7231\u60c5"}, "model": "video_manager.video", "pk": 3}, {"fields": {"upload_time": "2017-11-25T08:45:56", "cost_time": 0, "video_url": "http://1255490847.vod2.myqcloud.com/c8532aacvodgzp1255490847/954d2fb24564972818448744323/R8EDOyvKfm8A.mp4", "title": "\u9884\u544a\u6d4b\u8bd5", "tags": [1], "play_count": 34, "avg_point": 0.0, "bak_data": "", "recommend": 0, "keywords": "", "pic_url": "", "desc": "\u6d4b\u8bd5\u9884\u544a"}, "model": "video_manager.video", "pk": 4}, {"fields": {"name": "", "wx_name": "aaa", "sex": 0, "phone": "", "pwd": "", "bak_data": ""}, "model": "video_manager.people", "pk": 1}, {"fields": {"name": "", "wx_name": "bbb", "sex": 0, "phone": "", "pwd": "", "bak_data": ""}, "model": "video_manager.people", "pk": 2}, {"fields": {"name": "", "wx_name": "a", "sex": 0, "phone": "", "pwd": "", "bak_data": ""}, "model": "video_manager.people", "pk": 3}, {"fields": {"name": "", "wx_name": "b", "sex": 0, "phone": "", "pwd": "", "bak_data": ""}, "model": "video_manager.people", "pk": 4}, {"fields": {"name": "", "wx_name": "flyPanda", "sex": 0, "phone": "", "pwd": "", "bak_data": ""}, "model": "video_manager.people", "pk": 5}, {"fields": {"people_id": 1, "video_id": 1, "watch_time": "2017-11-30T20:41:53.020", "bak_data": ""}, "model": "video_manager.video_record", "pk": 13}, {"fields": {"people_id": 2, "video_id": 1, "watch_time": "2017-11-30T20:41:55.840", "bak_data": ""}, "model": "video_manager.video_record", "pk": 14}, {"fields": {"people_id": 2, "video_id": 1, "watch_time": "2017-11-30T20:42:06.380", "bak_data": ""}, "model": "video_manager.video_record", "pk": 15}, {"fields": {"people_id": 3, "video_id": 1, "watch_time": "2017-11-30T20:42:10.457", "bak_data": ""}, "model": "video_manager.video_record", "pk": 16}, {"fields": {"people_id": 3, "video_id": 1, "watch_time": "2017-11-30T20:42:11.865", "bak_data": ""}, "model": "video_manager.video_record", "pk": 17}, {"fields": {"people_id": 1, "video_id": 2, "watch_time": "2017-11-30T22:09:48.586", "bak_data": ""}, "model": "video_manager.video_record", "pk": 18}, {"fields": {"people_id": 5, "video_id": 1, "watch_time": "2017-12-02T10:56:17.796", "bak_data": ""}, "model": "video_manager.video_record", "pk": 19}, {"fields": {"people_id": 5, "video_id": 3, "watch_time": "2017-12-02T12:55:24.447", "bak_data": ""}, "model": "video_manager.video_record", "pk": 20}, {"fields": {"people_id": 5, "video_id": 3, "watch_time": "2017-12-02T12:57:22.348", "bak_data": ""}, "model": "video_manager.video_record", "pk": 21}, {"fields": {"people_id": 5, "video_id": 3, "watch_time": "2017-12-02T13:19:49.796", "bak_data": ""}, "model": "video_manager.video_record", "pk": 22}, {"fields": {"people_id": 5, "video_id": 3, "watch_time": "2017-12-02T13:22:10.373", "bak_data": ""}, "model": "video_manager.video_record", "pk": 23}, {"fields": {"people_id": 5, "video_id": 4, "watch_time": "2017-12-02T13:25:54.024", "bak_data": ""}, "model": "video_manager.video_record", "pk": 24}, {"fields": {"people_id": 5, "video_id": 4, "watch_time": "2017-12-02T13:31:44.627", "bak_data": ""}, "model": "video_manager.video_record", "pk": 25}, {"fields": {"people_id": 5, "video_id": 4, "watch_time": "2017-12-02T13:32:43.500", "bak_data": ""}, "model": "video_manager.video_record", "pk": 26}, {"fields": {"people_id": 5, "video_id": 1, "watch_time": "2017-12-02T13:54:31.445", "bak_data": ""}, "model": "video_manager.video_record", "pk": 27}, {"fields": {"people_id": 5, "video_id": 4, "watch_time": "2017-12-02T14:13:23.105", "bak_data": ""}, "model": "video_manager.video_record", "pk": 28}, {"fields": {"people_id": 5, "video_id": 4, "watch_time": "2017-12-02T14:14:11.474", "bak_data": ""}, "model": "video_manager.video_record", "pk": 29}, {"fields": {"people_id": 5, "video_id": 3, "watch_time": "2017-12-02T14:14:17.551", "bak_data": ""}, "model": "video_manager.video_record", "pk": 30}, {"fields": {"people_id": 5, "video_id": 4, "watch_time": "2017-12-02T14:16:00.418", "bak_data": ""}, "model": "video_manager.video_record", "pk": 31}, {"fields": {"people_id": 5, "video_id": 3, "watch_time": "2017-12-02T14:16:04.179", "bak_data": ""}, "model": "video_manager.video_record", "pk": 32}, {"fields": {"people_id": 5, "video_id": 3, "watch_time": "2017-12-02T14:16:10.141", "bak_data": ""}, "model": "video_manager.video_record", "pk": 33}, {"fields": {"people_id": 5, "video_id": 4, "watch_time": "2017-12-02T14:16:21.648", "bak_data": ""}, "model": "video_manager.video_record", "pk": 34}, {"fields": {"people_id": 5, "video_id": 4, "watch_time": "2017-12-02T14:18:37.308", "bak_data": ""}, "model": "video_manager.video_record", "pk": 35}, {"fields": {"people_id": 5, "video_id": 3, "watch_time": "2017-12-02T14:18:42.267", "bak_data": ""}, "model": "video_manager.video_record", "pk": 36}, {"fields": {"people_id": 5, "video_id": 4, "watch_time": "2017-12-02T14:19:22.713", "bak_data": ""}, "model": "video_manager.video_record", "pk": 37}, {"fields": {"people_id": 5, "video_id": 4, "watch_time": "2017-12-02T14:19:30.042", "bak_data": ""}, "model": "video_manager.video_record", "pk": 38}, {"fields": {"people_id": 5, "video_id": 4, "watch_time": "2017-12-02T14:19:34.507", "bak_data": ""}, "model": "video_manager.video_record", "pk": 39}, {"fields": {"people_id": 5, "video_id": 4, "watch_time": "2017-12-02T14:19:44.334", "bak_data": ""}, "model": "video_manager.video_record", "pk": 40}, {"fields": {"people_id": 5, "video_id": 4, "watch_time": "2017-12-02T14:22:12.338", "bak_data": ""}, "model": "video_manager.video_record", "pk": 41}, {"fields": {"people_id": 5, "video_id": 3, "watch_time": "2017-12-02T14:22:18.917", "bak_data": ""}, "model": "video_manager.video_record", "pk": 42}, {"fields": {"people_id": 5, "video_id": 3, "watch_time": "2017-12-02T14:22:45.112", "bak_data": ""}, "model": "video_manager.video_record", "pk": 43}, {"fields": {"people_id": 5, "video_id": 3, "watch_time": "2017-12-02T14:23:15.801", "bak_data": ""}, "model": "video_manager.video_record", "pk": 44}, {"fields": {"people_id": 5, "video_id": 3, "watch_time": "2017-12-02T14:23:36.358", "bak_data": ""}, "model": "video_manager.video_record", "pk": 45}, {"fields": {"people_id": 5, "video_id": 4, "watch_time": "2017-12-02T14:23:40.218", "bak_data": ""}, "model": "video_manager.video_record", "pk": 46}, {"fields": {"people_id": 5, "video_id": 4, "watch_time": "2017-12-02T14:23:49.813", "bak_data": ""}, "model": "video_manager.video_record", "pk": 47}, {"fields": {"people_id": 5, "video_id": 4, "watch_time": "2017-12-02T14:24:08.652", "bak_data": ""}, "model": "video_manager.video_record", "pk": 48}, {"fields": {"people_id": 5, "video_id": 1, "watch_time": "2017-12-02T14:24:19.094", "bak_data": ""}, "model": "video_manager.video_record", "pk": 49}, {"fields": {"people_id": 5, "video_id": 4, "watch_time": "2017-12-02T14:25:50.912", "bak_data": ""}, "model": "video_manager.video_record", "pk": 50}, {"fields": {"people_id": 5, "video_id": 3, "watch_time": "2017-12-02T14:26:05.476", "bak_data": ""}, "model": "video_manager.video_record", "pk": 51}, {"fields": {"people_id": 5, "video_id": 3, "watch_time": "2017-12-02T14:26:20.884", "bak_data": ""}, "model": "video_manager.video_record", "pk": 52}, {"fields": {"people_id": 5, "video_id": 4, "watch_time": "2017-12-02T14:26:33.702", "bak_data": ""}, "model": "video_manager.video_record", "pk": 53}, {"fields": {"people_id": 5, "video_id": 4, "watch_time": "2017-12-02T14:27:00.743", "bak_data": ""}, "model": "video_manager.video_record", "pk": 54}, {"fields": {"people_id": 5, "video_id": 4, "watch_time": "2017-12-02T14:27:35.288", "bak_data": ""}, "model": "video_manager.video_record", "pk": 55}, {"fields": {"people_id": 5, "video_id": 4, "watch_time": "2017-12-02T14:30:03.514", "bak_data": ""}, "model": "video_manager.video_record", "pk": 56}, {"fields": {"people_id": 5, "video_id": 4, "watch_time": "2017-12-02T14:30:40.648", "bak_data": ""}, "model": "video_manager.video_record", "pk": 57}, {"fields": {"people_id": 5, "video_id": 4, "watch_time": "2017-12-02T14:31:27.742", "bak_data": ""}, "model": "video_manager.video_record", "pk": 58}, {"fields": {"people_id": 5, "video_id": 4, "watch_time": "2017-12-02T14:31:57.211", "bak_data": ""}, "model": "video_manager.video_record", "pk": 59}, {"fields": {"people_id": 5, "video_id": 3, "watch_time": "2017-12-02T14:32:08.925", "bak_data": ""}, "model": "video_manager.video_record", "pk": 60}, {"fields": {"people_id": 5, "video_id": 4, "watch_time": "2017-12-02T14:32:33.503", "bak_data": ""}, "model": "video_manager.video_record", "pk": 61}, {"fields": {"people_id": 5, "video_id": 3, "watch_time": "2017-12-02T14:32:41.035", "bak_data": ""}, "model": "video_manager.video_record", "pk": 62}, {"fields": {"people_id": 5, "video_id": 3, "watch_time": "2017-12-02T14:32:54.861", "bak_data": ""}, "model": "video_manager.video_record", "pk": 63}, {"fields": {"people_id": 5, "video_id": 3, "watch_time": "2017-12-02T14:33:31.585", "bak_data": ""}, "model": "video_manager.video_record", "pk": 64}, {"fields": {"people_id": 5, "video_id": 3, "watch_time": "2017-12-02T14:33:50.934", "bak_data": ""}, "model": "video_manager.video_record", "pk": 65}, {"fields": {"people_id": 5, "video_id": 4, "watch_time": "2017-12-02T14:34:31.998", "bak_data": ""}, "model": "video_manager.video_record", "pk": 66}, {"fields": {"people_id": 5, "video_id": 4, "watch_time": "2017-12-02T14:35:15.717", "bak_data": ""}, "model": "video_manager.video_record", "pk": 67}, {"fields": {"people_id": 5, "video_id": 3, "watch_time": "2017-12-02T14:35:21.208", "bak_data": ""}, "model": "video_manager.video_record", "pk": 68}, {"fields": {"people_id": 5, "video_id": 4, "watch_time": "2017-12-02T14:38:10.044", "bak_data": ""}, "model": "video_manager.video_record", "pk": 69}, {"fields": {"people_id": 5, "video_id": 3, "watch_time": "2017-12-02T14:38:12.008", "bak_data": ""}, "model": "video_manager.video_record", "pk": 70}, {"fields": {"people_id": 5, "video_id": 3, "watch_time": "2017-12-02T14:38:16.252", "bak_data": ""}, "model": "video_manager.video_record", "pk": 71}, {"fields": {"people_id": 5, "video_id": 4, "watch_time": "2017-12-02T14:38:19.294", "bak_data": ""}, "model": "video_manager.video_record", "pk": 72}, {"fields": {"people_id": 5, "video_id": 3, "watch_time": "2017-12-02T14:38:53.788", "bak_data": ""}, "model": "video_manager.video_record", "pk": 73}, {"fields": {"people_id": 5, "video_id": 3, "watch_time": "2017-12-02T14:39:32.359", "bak_data": ""}, "model": "video_manager.video_record", "pk": 74}, {"fields": {"people_id": 5, "video_id": 3, "watch_time": "2017-12-02T14:40:06.446", "bak_data": ""}, "model": "video_manager.video_record", "pk": 75}, {"fields": {"people_id": 5, "video_id": 4, "watch_time": "2017-12-02T14:40:06.583", "bak_data": ""}, "model": "video_manager.video_record", "pk": 76}, {"fields": {"people_id": 5, "video_id": 3, "watch_time": "2017-12-02T14:40:13.714", "bak_data": ""}, "model": "video_manager.video_record", "pk": 77}, {"fields": {"people_id": 5, "video_id": 4, "watch_time": "2017-12-02T14:40:16.133", "bak_data": ""}, "model": "video_manager.video_record", "pk": 78}, {"fields": {"people_id": 5, "video_id": 2, "watch_time": "2017-12-02T14:40:18.535", "bak_data": ""}, "model": "video_manager.video_record", "pk": 79}, {"fields": {"people_id": 5, "video_id": 4, "watch_time": "2017-12-02T14:40:20.236", "bak_data": ""}, "model": "video_manager.video_record", "pk": 80}, {"fields": {"people_id": 5, "video_id": 4, "watch_time": "2017-12-02T14:40:25.643", "bak_data": ""}, "model": "video_manager.video_record", "pk": 81}, {"fields": {"people_id": 5, "video_id": 3, "watch_time": "2017-12-02T14:40:27.311", "bak_data": ""}, "model": "video_manager.video_record", "pk": 82}, {"fields": {"people_id": 5, "video_id": 1, "watch_time": "2017-12-02T14:50:16.281", "bak_data": ""}, "model": "video_manager.video_record", "pk": 83}, {"fields": {"people_id": 5, "video_id": 1, "watch_time": "2017-12-02T14:50:21.403", "bak_data": ""}, "model": "video_manager.video_record", "pk": 84}, {"fields": {"people_id": 5, "video_id": 4, "watch_time": "2017-12-02T14:50:23.602", "bak_data": ""}, "model": "video_manager.video_record", "pk": 85}, {"fields": {"people_id": 5, "video_id": 1, "watch_time": "2017-12-02T14:50:26.321", "bak_data": ""}, "model": "video_manager.video_record", "pk": 86}, {"fields": {"people_id": 1, "video_id": 2, "bak_data": ""}, "model": "video_manager.people_favorite", "pk": 12}, {"fields": {"people_id": 1, "video_id": 3, "bak_data": ""}, "model": "video_manager.people_favorite", "pk": 13}, {"fields": {"people_id": 5, "video_id": 4, "bak_data": ""}, "model": "video_manager.people_favorite", "pk": 14}, {"fields": {"people_id": 5, "video_id": 1, "bak_data": ""}, "model": "video_manager.people_favorite", "pk": 15}]